total loop,FTS loop,restrict set train loss,restrict set train accuracy
1,0,-3.7536368370056152,9.800000488758087
2,0,-3.4945268630981445,9.400000423192978
3,0,-3.7294209003448486,10.200000554323196
4,0,-3.34285831451416,8.000000566244125
5,0,-3.66798734664917,7.600000500679016
6,0,-3.6708033084869385,9.700000286102295
7,0,-3.8075809478759766,11.326529830694199
8,0,-3.905043363571167,11.800000816583633
9,0,-3.4321486949920654,8.100000023841858
10,0,-3.6785593032836914,9.700000286102295
11,0,-3.664773464202881,8.500000089406967
12,0,-3.450650215148926,8.300000429153442
13,0,-3.5389184951782227,7.700000703334808
14,0,-3.7479779720306396,10.306122153997421
15,0,-3.5439257621765137,8.900000154972076
16,0,-3.7161362171173096,11.300000548362732
17,0,-3.724844217300415,7.700000703334808
18,0,-3.564659595489502,10.80000028014183
19,0,-3.675297975540161,10.200000554323196
20,0,-3.2260618209838867,9.800000488758087
21,0,-3.7374813556671143,12.653060257434845
22,0,-3.506479024887085,10.500000417232513
23,0,-3.880157232284546,8.900000154972076
24,0,-3.605370283126831,8.700000494718552
25,0,-3.3452436923980713,9.489795565605164
26,0,-3.5659937858581543,8.500000089406967
27,0,-3.638838768005371,8.400000631809235
28,0,-3.6642045974731445,8.900000154972076
29,0,-3.747525453567505,6.400000303983688
30,0,-3.679607391357422,10.300000756978989
31,0,-3.2178609371185303,9.897958487272263
32,0,-3.25191068649292,8.700000494718552
33,0,-3.5895018577575684,8.500000089406967
34,0,-3.6302361488342285,8.100000023841858
35,0,-3.071765422821045,9.200000762939453
36,0,-3.937268018722534,12.10000067949295
37,0,-3.587198495864868,9.400000423192978
38,0,-3.7567808628082275,12.653060257434845
39,0,-3.3294055461883545,8.300000429153442
40,0,-3.4693925380706787,8.100000023841858
41,0,-3.36124587059021,10.900000482797623
42,0,-3.3199219703674316,11.300000548362732
43,0,-3.238567590713501,8.20000022649765
44,0,-3.658895492553711,12.000000476837158
45,0,-3.2962658405303955,12.346938252449036
46,0,-3.1428067684173584,10.500000417232513
47,0,-3.268496036529541,11.100000888109207
48,0,-3.1600441932678223,8.700000494718552
49,0,-2.939176082611084,12.5
50,0,-3.1498091220855713,13.061223924160004
51,0,-3.2824854850769043,8.900000154972076
52,0,-3.233166456222534,11.500000208616257
53,0,-2.9293501377105713,8.800000697374344
54,0,-3.2239344120025635,7.600000500679016
55,0,-3.1723833084106445,13.199999928474426
56,0,-3.030686855316162,8.469387143850327
57,0,-3.1188995838165283,9.700000286102295
58,0,-3.811068058013916,11.900000274181366
59,0,-3.4385366439819336,8.400000631809235
60,0,-2.9880542755126953,9.100000560283661
61,0,-3.382356643676758,11.000000685453415
62,0,-3.211289882659912,10.300000756978989
63,0,-3.563202142715454,8.469387143850327
64,0,-2.890359401702881,11.20000034570694
65,0,-2.79550838470459,10.600000619888306
66,0,-2.674241065979004,10.500000417232513
67,0,-2.8123152256011963,8.700000494718552
68,0,-2.8248329162597656,9.800000488758087
69,0,-3.519402265548706,9.400000423192978
70,0,-2.7216923236846924,8.775509893894196
71,0,-2.8535478115081787,12.10000067949295
72,0,-2.8001456260681152,10.200000554323196
73,0,-3.440033435821533,9.600000083446503
74,0,-2.751246929168701,9.200000762939453
75,0,-2.7514519691467285,8.367346227169037
76,0,-3.088385820388794,8.20000022649765
77,0,-2.966348886489868,10.500000417232513
78,0,-2.4784860610961914,6.700000166893005
79,0,-2.703331708908081,11.20000034570694
80,0,-3.4825644493103027,11.700000613927841
81,0,-2.852309226989746,8.163265138864517
82,0,-2.4893126487731934,9.700000286102295
83,0,-2.6401424407958984,9.300000220537186
84,0,-2.6281352043151855,10.400000214576721
85,0,-3.7910265922546387,9.000000357627869
86,0,-3.3067984580993652,10.300000756978989
87,0,-2.5933098793029785,11.100000888109207
88,0,-2.7273600101470947,8.979591727256775
89,0,-2.8932900428771973,7.200000435113907
90,0,-2.5524067878723145,8.400000631809235
91,0,-2.727097749710083,10.900000482797623
92,0,-2.635807752609253,11.20000034570694
93,0,-3.040600061416626,10.200000554323196
94,0,-2.560457944869995,7.800000160932541
95,0,-2.7661447525024414,9.387754648923874
96,0,-3.5595407485961914,9.700000286102295
97,0,-2.83945894241333,11.700000613927841
98,0,-2.8277928829193115,10.600000619888306
99,0,-2.7525722980499268,10.200000554323196
100,0,-3.342149257659912,8.163265138864517
101,0,-2.8974485397338867,8.60000029206276
102,0,-3.0763823986053467,10.900000482797623
103,0,-2.8004064559936523,13.199999928474426
104,0,-2.5519602298736572,12.400000542402267
105,0,-2.7506282329559326,9.700000286102295
106,0,-2.881253719329834,11.02040782570839
107,0,-2.818622589111328,9.000000357627869
108,0,-2.5932867527008057,8.900000154972076
109,0,-2.8401882648468018,11.700000613927841
110,0,-2.854779005050659,11.800000816583633
111,0,-2.7347915172576904,12.10000067949295
112,0,-2.7944681644439697,8.700000494718552
113,0,-2.6572346687316895,8.979591727256775
114,0,-2.592179298400879,8.900000154972076
115,0,-2.571810245513916,8.20000022649765
116,0,-2.647280693054199,9.000000357627869
117,0,-2.6566522121429443,9.800000488758087
118,0,-2.9193644523620605,9.200000762939453
119,0,-2.6023614406585693,7.800000160932541
120,0,-2.6103549003601074,8.673468977212906
121,0,-2.655735731124878,11.300000548362732
122,0,-2.874168634414673,9.000000357627869
123,0,-2.557481050491333,9.200000762939453
124,0,-2.7535178661346436,8.100000023841858
125,0,-2.7638542652130127,10.102040320634842
126,0,-2.958134889602661,9.100000560283661
127,0,-3.192944049835205,11.000000685453415
128,0,-3.0432097911834717,9.100000560283661
129,0,-2.5467686653137207,8.800000697374344
130,0,-2.713782548904419,12.10000067949295
131,0,-2.793133020401001,9.693877398967743
132,0,-2.6943159103393555,9.50000062584877
133,0,-3.276777982711792,11.500000208616257
134,0,-2.5492806434631348,7.000000029802322
135,0,-2.982213258743286,11.500000208616257
136,0,-2.501114845275879,9.800000488758087
137,0,-2.513340711593628,10.000000149011612
138,0,-2.712430238723755,10.204081237316132
139,0,-3.2681729793548584,9.90000069141388
140,0,-2.5845401287078857,7.700000703334808
141,0,-2.6805360317230225,11.400000751018524
142,0,-2.609511375427246,11.300000548362732
143,0,-2.893514394760132,9.800000488758087
144,0,-2.666658878326416,10.100000351667404
145,0,-2.4622864723205566,8.775509893894196
146,0,-2.7178804874420166,11.000000685453415
147,0,-2.7143099308013916,12.200000882148743
148,0,-2.7237637042999268,9.700000286102295
149,0,-2.5935254096984863,11.500000208616257
150,0,-2.7875165939331055,11.122448742389679
151,0,-2.5764946937561035,9.90000069141388
152,0,-2.863889694213867,9.600000083446503
153,0,-2.6297714710235596,10.300000756978989
154,0,-2.638333797454834,10.80000028014183
155,0,-2.643258571624756,9.700000286102295
156,0,-2.572619915008545,9.183672815561295
157,0,-2.909149408340454,11.100000888109207
158,0,-3.2987561225891113,10.200000554323196
159,0,-2.6647961139678955,10.100000351667404
160,0,-2.7557876110076904,11.700000613927841
161,0,-2.525867462158203,11.800000816583633
162,0,-2.612252950668335,8.700000494718552
163,0,-2.8044495582580566,10.102040320634842
164,0,-2.728609085083008,9.50000062584877
165,0,-2.592442035675049,11.20000034570694
166,0,-2.7502384185791016,10.500000417232513
167,0,-2.380235433578491,9.300000220537186
168,0,-2.755629062652588,9.50000062584877
169,0,-2.4942243099212646,10.300000756978989
170,0,-2.5625643730163574,11.326529830694199
171,0,-2.508599281311035,10.700000822544098
172,0,-2.6389880180358887,10.700000822544098
173,0,-2.8477869033813477,10.300000756978989
174,0,-2.6875412464141846,9.100000560283661
175,0,-2.466643810272217,9.795917570590973
176,0,-2.8590493202209473,9.600000083446503
177,0,-2.7812585830688477,11.600000411272049
178,0,-2.4511594772338867,11.700000613927841
179,0,-2.78676438331604,8.300000429153442
180,0,-2.703441858291626,8.800000697374344
181,0,-2.8552515506744385,10.408163070678711
182,0,-2.670440912246704,8.300000429153442
183,0,-2.608626365661621,9.100000560283661
184,0,-2.5764784812927246,11.20000034570694
185,0,-2.6585030555725098,9.300000220537186
186,0,-2.4524693489074707,11.600000411272049
187,0,-2.671954393386841,10.300000756978989
188,0,-2.689563274383545,10.81632599234581
189,0,-2.5809783935546875,7.100000232458115
190,0,-2.685251474380493,9.300000220537186
191,0,-3.085970163345337,7.500000298023224
192,0,-2.453207492828369,7.500000298023224
193,0,-2.947871685028076,9.600000083446503
194,0,-2.509943962097168,10.700000822544098
195,0,-2.9041225910186768,9.999999403953552
196,0,-3.5838146209716797,9.400000423192978
197,0,-2.632164716720581,9.400000423192978
198,0,-2.6047139167785645,10.300000756978989
199,0,-2.709202527999878,9.300000220537186
200,0,-2.8664371967315674,7.857142388820648
201,0,-2.471956729888916,10.000000149011612
202,0,-2.5373518466949463,9.300000220537186
203,0,-2.6614010334014893,12.400000542402267
204,0,-2.6103415489196777,10.80000028014183
205,0,-2.5904932022094727,12.10000067949295
206,0,-2.7352232933044434,9.897958487272263
207,0,-2.6307713985443115,9.000000357627869
208,0,-2.8703272342681885,8.500000089406967
209,0,-2.7957096099853516,7.800000160932541
210,0,-2.7217955589294434,9.200000762939453
211,0,-2.730656623840332,10.400000214576721
212,0,-3.071868419647217,9.200000762939453
213,0,-2.5292911529541016,9.591836482286453
214,0,-3.1296656131744385,9.600000083446503
215,0,-2.4761853218078613,10.900000482797623
216,0,-2.5665457248687744,10.500000417232513
217,0,-2.5392279624938965,10.600000619888306
218,0,-2.848975896835327,11.400000751018524
219,0,-2.4438130855560303,10.700000822544098
220,0,-2.474529504776001,10.51020398736
221,0,-3.258507251739502,9.100000560283661
222,0,-2.519618034362793,9.90000069141388
223,0,-2.451761245727539,8.700000494718552
224,0,-2.8953611850738525,10.80000028014183
225,0,-2.543872117996216,8.775509893894196
226,0,-2.6361005306243896,12.600000202655792
227,0,-2.597069501876831,10.100000351667404
228,0,-2.604111909866333,10.600000619888306
229,0,-2.835920572280884,11.600000411272049
230,0,-2.5264763832092285,8.60000029206276
231,0,-2.474992513656616,9.999999403953552
232,0,-2.6817657947540283,10.300000756978989
233,0,-2.52925705909729,9.800000488758087
234,0,-2.4383397102355957,9.50000062584877
235,0,-2.8372304439544678,9.200000762939453
236,0,-2.9645729064941406,10.700000822544098
237,0,-2.5099239349365234,10.600000619888306
238,0,-2.510646104812622,9.693877398967743
239,0,-2.8350985050201416,11.000000685453415
240,0,-2.874297618865967,10.80000028014183
241,0,-2.7777135372161865,13.000001013278961
242,0,-2.4336018562316895,10.80000028014183
243,0,-2.604405403137207,9.800000488758087
244,0,-2.7077388763427734,11.000000685453415
245,0,-2.546949863433838,11.224489659070969
246,0,-3.3139796257019043,9.600000083446503
247,0,-2.575684070587158,9.700000286102295
248,0,-2.9915027618408203,9.90000069141388
249,0,-2.885340690612793,9.400000423192978
250,0,-2.6656391620635986,8.673468977212906
251,0,-2.6770710945129395,10.600000619888306
252,0,-2.400606393814087,11.900000274181366
253,0,-2.6159064769744873,7.500000298023224
254,0,-2.6994950771331787,8.60000029206276
255,0,-2.622964382171631,11.20000034570694
256,0,-2.9831483364105225,10.61224415898323
257,0,-2.6143860816955566,8.500000089406967
258,0,-2.4163765907287598,9.000000357627869
259,0,-2.6023073196411133,10.500000417232513
260,0,-2.365009307861328,9.000000357627869
261,0,-2.563055992126465,9.50000062584877
262,0,-2.658665180206299,12.000000476837158
263,0,-2.6807515621185303,8.673468977212906
264,0,-2.352644920349121,8.800000697374344
265,0,-2.4805331230163574,9.90000069141388
266,0,-2.558840036392212,10.600000619888306
267,0,-2.486104726791382,12.200000882148743
268,0,-2.857933521270752,8.700000494718552
269,0,-3.537482500076294,10.200000554323196
270,0,-2.684990644454956,10.51020398736
271,0,-2.6567249298095703,7.700000703334808
272,0,-2.7442619800567627,12.200000882148743
273,0,-2.441312789916992,11.600000411272049
274,0,-2.785144090652466,9.300000220537186
275,0,-2.6851930618286133,11.02040782570839
276,0,-3.04512357711792,11.400000751018524
277,0,-2.695653200149536,10.100000351667404
278,0,-2.5958821773529053,10.500000417232513
279,0,-3.449334144592285,10.300000756978989
280,0,-2.5188612937927246,9.50000062584877
281,0,-2.684236526489258,8.775509893894196
282,0,-2.8843657970428467,11.000000685453415
283,0,-3.2851576805114746,8.700000494718552
284,0,-2.7470436096191406,11.400000751018524
285,0,-2.5234458446502686,10.300000756978989
286,0,-2.7004034519195557,8.800000697374344
287,0,-3.13211989402771,9.50000062584877
288,0,-2.542039394378662,10.102040320634842
289,0,-2.65907621383667,9.100000560283661
290,0,-2.962536096572876,10.500000417232513
291,0,-2.737199544906616,11.500000208616257
292,0,-2.501241683959961,9.700000286102295
293,0,-2.5466277599334717,10.200000554323196
294,0,-2.8937761783599854,8.800000697374344
295,0,-2.439927816390991,10.306122153997421
296,0,-2.6226751804351807,10.000000149011612
297,0,-2.8513777256011963,8.800000697374344
298,0,-2.498677968978882,8.900000154972076
299,0,-2.3876953125,9.100000560283661
300,0,-2.871742010116577,11.122448742389679
301,0,-2.657538414001465,9.600000083446503
302,0,-2.780127763748169,11.300000548362732
303,0,-3.1650874614715576,11.900000274181366
304,0,-2.9344608783721924,10.200000554323196
305,0,-2.848443031311035,9.50000062584877
306,0,-2.905358076095581,9.081631898880005
307,0,-2.9211232662200928,9.400000423192978
308,0,-2.5781188011169434,10.200000554323196
309,0,-2.678992509841919,8.900000154972076
310,0,-2.9105310440063477,10.300000756978989
311,0,-2.534742832183838,10.80000028014183
312,0,-2.5930821895599365,6.599999964237213
313,0,-3.1442527770996094,9.081631898880005
314,0,-2.5316526889801025,9.200000762939453
315,0,-2.6051619052886963,10.600000619888306
316,0,-2.6970856189727783,10.300000756978989
317,0,-3.072498083114624,8.900000154972076
318,0,-2.9183695316314697,11.20000034570694
319,0,-2.563246011734009,7.600000500679016
320,0,-2.6630303859710693,10.204081237316132
321,0,-2.627237558364868,11.700000613927841
322,0,-2.590883731842041,9.50000062584877
323,0,-2.4439315795898438,8.800000697374344
324,0,-2.5319268703460693,10.100000351667404
325,0,-2.8111302852630615,9.591836482286453
326,0,-2.478346586227417,9.100000560283661
327,0,-2.8551688194274902,9.700000286102295
328,0,-2.521578550338745,10.200000554323196
329,0,-2.888704299926758,10.100000351667404
330,0,-2.9411377906799316,10.100000351667404
331,0,-2.7384674549102783,9.897958487272263
332,0,-2.616313934326172,12.10000067949295
333,0,-2.57631254196167,11.300000548362732
334,0,-2.4426186084747314,10.100000351667404
335,0,-2.582519769668579,9.000000357627869
336,0,-2.941561698913574,11.000000685453415
337,0,-3.150418996810913,9.400000423192978
338,0,-2.6106486320495605,10.9183669090271
339,0,-2.4477734565734863,11.100000888109207
340,0,-2.5619869232177734,8.900000154972076
341,0,-2.580655574798584,10.100000351667404
342,0,-2.533867120742798,7.000000029802322
343,0,-2.8935599327087402,11.300000548362732
344,0,-3.0072872638702393,11.400000751018524
345,0,-2.586944341659546,8.163265138864517
346,0,-2.534479856491089,9.600000083446503
347,0,-2.4678170680999756,11.000000685453415
348,0,-2.512690782546997,8.000000566244125
349,0,-2.778656005859375,10.600000619888306
350,0,-2.526075601577759,9.591836482286453
351,0,-2.547755241394043,10.900000482797623
352,0,-2.475494146347046,9.800000488758087
353,0,-2.5927364826202393,9.700000286102295
354,0,-2.649890422821045,10.300000756978989
355,0,-2.709812641143799,10.700000822544098
356,0,-2.530876398086548,8.673468977212906
357,0,-2.4964613914489746,12.300000339746475
358,0,-2.8540687561035156,10.900000482797623
359,0,-2.6836435794830322,9.600000083446503
360,0,-3.0055556297302246,9.600000083446503
361,0,-2.7354989051818848,9.100000560283661
362,0,-2.8015429973602295,9.200000762939453
363,0,-2.734657049179077,11.734693497419357
364,0,-2.730630397796631,8.800000697374344
365,0,-2.4849090576171875,10.000000149011612
366,0,-2.463299036026001,9.300000220537186
367,0,-2.6089518070220947,9.400000423192978
368,0,-2.6002259254455566,9.200000762939453
369,0,-2.6835315227508545,10.400000214576721
370,0,-2.427204132080078,10.51020398736
371,0,-2.5819852352142334,10.200000554323196
372,0,-2.5154991149902344,9.200000762939453
373,0,-2.525791645050049,10.000000149011612
374,0,-2.5626866817474365,11.600000411272049
375,0,-2.7336716651916504,10.204081237316132
376,0,-2.3845605850219727,10.000000149011612
377,0,-2.4527995586395264,10.500000417232513
378,0,-2.5657191276550293,9.400000423192978
379,0,-2.7163589000701904,11.300000548362732
380,0,-2.3808467388153076,10.700000822544098
381,0,-2.440577507019043,9.693877398967743
382,0,-2.764336347579956,10.900000482797623
383,0,-2.72444224357605,10.700000822544098
384,0,-2.6690495014190674,10.400000214576721
385,0,-2.9430558681488037,10.600000619888306
386,0,-2.9158947467803955,9.200000762939453
387,0,-2.9534854888916016,6.90000057220459
388,0,-2.568614959716797,11.122448742389679
389,0,-2.6498522758483887,10.300000756978989
390,0,-3.253553628921509,10.600000619888306
391,0,-2.5492844581604004,10.000000149011612
392,0,-2.479480266571045,9.50000062584877
393,0,-2.533416509628296,11.700000613927841
394,0,-3.2783915996551514,10.200000554323196
395,0,-2.747990369796753,9.489795565605164
396,0,-2.892549991607666,11.300000548362732
397,0,-2.6694228649139404,11.900000274181366
398,0,-2.9109814167022705,11.600000411272049
399,0,-2.550978899002075,8.300000429153442
400,0,-2.430467367172241,11.122448742389679
401,0,-2.789569616317749,12.900000810623169
402,0,-3.2395145893096924,9.90000069141388
403,0,-2.622138738632202,10.600000619888306
404,0,-3.0718414783477783,10.100000351667404
405,0,-2.4247045516967773,8.900000154972076
406,0,-2.5579757690429688,9.489795565605164
407,0,-2.8417623043060303,10.100000351667404
408,0,-2.815247058868408,9.300000220537186
409,0,-2.8530468940734863,9.800000488758087
410,0,-2.5310802459716797,8.900000154972076
411,0,-2.538473129272461,8.700000494718552
412,0,-2.940551519393921,8.300000429153442
413,0,-2.6497957706451416,8.673468977212906
414,0,-2.453364133834839,9.50000062584877
415,0,-2.4634592533111572,11.900000274181366
416,0,-2.5296430587768555,8.900000154972076
417,0,-2.5323991775512695,10.900000482797623
418,0,-2.556992769241333,11.000000685453415
419,0,-2.4127163887023926,11.400000751018524
420,0,-2.9168896675109863,10.61224415898323
421,0,-2.400714635848999,8.20000022649765
422,0,-2.5064048767089844,9.800000488758087
423,0,-2.6520421504974365,12.10000067949295
424,0,-2.5778653621673584,8.100000023841858
425,0,-2.5518288612365723,11.224489659070969
426,0,-2.6268868446350098,9.700000286102295
427,0,-2.5451877117156982,10.400000214576721
428,0,-2.5684585571289062,9.100000560283661
429,0,-2.471353530883789,8.000000566244125
430,0,-2.651675224304199,10.000000149011612
431,0,-2.7720487117767334,9.999999403953552
432,0,-2.7555365562438965,8.400000631809235
433,0,-2.6220014095306396,8.800000697374344
434,0,-3.0236318111419678,11.700000613927841
435,0,-2.6169538497924805,9.000000357627869
436,0,-2.6343307495117188,10.700000822544098
437,0,-2.833998203277588,12.200000882148743
438,0,-2.5371928215026855,8.367346227169037
439,0,-2.485015630722046,7.900000363588333
440,0,-2.735363245010376,9.700000286102295
441,0,-2.895845890045166,11.300000548362732
442,0,-2.9281959533691406,9.800000488758087
443,0,-2.747614622116089,9.50000062584877
444,0,-2.5881810188293457,10.100000351667404
445,0,-2.515220880508423,8.775509893894196
446,0,-2.495643377304077,9.000000357627869
447,0,-3.4183382987976074,9.800000488758087
448,0,-2.8948402404785156,10.80000028014183
449,0,-3.6909375190734863,11.300000548362732
450,0,-2.37119722366333,12.244897335767746
451,0,-2.448066473007202,10.900000482797623
452,0,-2.93465518951416,9.400000423192978
453,0,-2.693760395050049,10.400000214576721
454,0,-2.606873035430908,9.200000762939453
455,0,-2.5671913623809814,10.300000756978989
456,0,-2.9669971466064453,10.9183669090271
457,0,-2.5316195487976074,10.200000554323196
458,0,-2.502699851989746,9.90000069141388
459,0,-2.5542523860931396,10.300000756978989
460,0,-2.7914199829101562,8.400000631809235
461,0,-2.5572147369384766,8.400000631809235
462,0,-2.580230474472046,11.400000751018524
463,0,-2.6587066650390625,10.9183669090271
464,0,-2.3397912979125977,10.300000756978989
465,0,-2.5783019065856934,9.700000286102295
466,0,-2.955693483352661,11.800000816583633
467,0,-2.7142035961151123,12.200000882148743
468,0,-3.5005645751953125,12.10000067949295
469,0,-2.6199638843536377,8.60000029206276
470,0,-2.7623374462127686,9.795917570590973
471,0,-2.4042470455169678,9.200000762939453
472,0,-2.5758824348449707,9.300000220537186
473,0,-2.853044271469116,10.80000028014183
474,0,-2.903017282485962,9.90000069141388
475,0,-2.903665781021118,9.897958487272263
476,0,-2.777599334716797,10.100000351667404
477,0,-2.723156213760376,9.700000286102295
478,0,-2.620985507965088,10.300000756978989
479,0,-2.8122568130493164,11.400000751018524
480,0,-2.745483875274658,9.800000488758087
481,0,-2.458404064178467,12.346938252449036
482,0,-2.868088722229004,8.800000697374344
483,0,-2.4268746376037598,10.400000214576721
484,0,-2.429555892944336,11.20000034570694
485,0,-2.3904473781585693,10.200000554323196
486,0,-2.5080764293670654,8.500000089406967
487,0,-2.8268396854400635,10.500000417232513
488,0,-2.667948007583618,11.632652580738068
489,0,-2.696526288986206,11.300000548362732
490,0,-2.8070006370544434,10.000000149011612
491,0,-2.491103410720825,9.400000423192978
492,0,-3.2243385314941406,10.700000822544098
493,0,-2.4996001720428467,10.200000554323196
494,0,-2.3941659927368164,8.100000023841858
495,0,-2.56013560295105,11.428570747375488
496,0,-2.974517345428467,9.400000423192978
497,0,-2.5955474376678467,10.700000822544098
498,0,-3.2808890342712402,10.80000028014183
499,0,-2.865267038345337,9.100000560283661
500,0,-2.6600847244262695,10.81632599234581
501,0,-2.7389824390411377,10.300000756978989
502,0,-2.8926312923431396,9.800000488758087
503,0,-2.6304848194122314,11.500000208616257
504,0,-2.477121591567993,10.600000619888306
505,0,-2.6960129737854004,8.400000631809235
506,0,-2.881633758544922,10.408163070678711
507,0,-3.209341287612915,9.300000220537186
508,0,-2.7387077808380127,9.700000286102295
509,0,-2.843823194503784,10.600000619888306
510,0,-2.4721426963806152,9.100000560283661
511,0,-2.9604713916778564,11.300000548362732
512,0,-2.8473920822143555,9.90000069141388
513,0,-2.717097759246826,11.224489659070969
514,0,-2.792574405670166,9.400000423192978
515,0,-2.7339813709259033,11.100000888109207
516,0,-2.5252914428710938,9.400000423192978
517,0,-2.4980709552764893,8.20000022649765
518,0,-2.5141217708587646,10.80000028014183
519,0,-2.5876011848449707,10.300000756978989
520,0,-2.6380810737609863,9.693877398967743
521,0,-2.7098543643951416,10.300000756978989
522,0,-2.772446393966675,9.300000220537186
523,0,-2.670024871826172,11.600000411272049
524,0,-2.6871683597564697,9.400000423192978
525,0,-2.698833465576172,12.142856419086456
526,0,-2.8738675117492676,11.000000685453415
527,0,-2.4694604873657227,9.700000286102295
528,0,-2.611934185028076,10.700000822544098
529,0,-2.6612279415130615,9.800000488758087
530,0,-3.141847610473633,8.800000697374344
531,0,-2.6860527992248535,9.285713732242584
532,0,-2.6262176036834717,9.600000083446503
533,0,-2.581918716430664,9.400000423192978
534,0,-2.8520543575286865,11.100000888109207
535,0,-2.6154704093933105,10.600000619888306
536,0,-2.662614583969116,10.300000756978989
537,0,-2.513956308364868,8.700000494718552
538,0,-2.4614832401275635,8.367346227169037
539,0,-3.0465028285980225,11.800000816583633
540,0,-2.452728033065796,10.500000417232513
541,0,-2.8791239261627197,10.400000214576721
542,0,-2.7041308879852295,9.700000286102295
543,0,-2.4741196632385254,7.300000637769699
544,0,-2.5723302364349365,11.700000613927841
545,0,-3.0721495151519775,10.408163070678711
546,0,-2.7346103191375732,9.800000488758087
547,0,-2.7652506828308105,10.100000351667404
548,0,-2.664400815963745,10.80000028014183
549,0,-2.7387855052948,9.90000069141388
550,0,-2.764012336730957,11.530611664056778
551,0,-2.9128005504608154,10.600000619888306
552,0,-3.1362640857696533,11.900000274181366
553,0,-2.7958109378814697,9.300000220537186
554,0,-2.6761667728424072,10.80000028014183
555,0,-2.645143985748291,13.300000131130219
556,0,-2.514897346496582,9.081631898880005
557,0,-2.962745428085327,10.600000619888306
558,0,-2.666705369949341,9.600000083446503
559,0,-2.663689613342285,9.100000560283661
560,0,-2.5522329807281494,8.700000494718552
561,0,-2.7084474563598633,10.400000214576721
562,0,-2.60998797416687,10.200000554323196
563,0,-2.707226037979126,8.979591727256775
564,0,-2.6283602714538574,9.400000423192978
565,0,-2.6807332038879395,11.20000034570694
566,0,-2.824889898300171,10.100000351667404
567,0,-2.8713977336883545,10.900000482797623
568,0,-2.506394624710083,9.000000357627869
569,0,-2.505072832107544,9.400000423192978
570,0,-2.6802830696105957,10.9183669090271
571,0,-2.5875327587127686,9.400000423192978
572,0,-2.519092321395874,9.400000423192978
573,0,-2.449582576751709,12.5
574,0,-2.4776415824890137,8.300000429153442
575,0,-2.6270976066589355,8.979591727256775
576,0,-2.5222322940826416,10.600000619888306
577,0,-2.450791835784912,10.900000482797623
578,0,-2.4416091442108154,6.700000166893005
579,0,-2.5197603702545166,9.700000286102295
580,0,-2.566480875015259,8.500000089406967
581,0,-2.5263216495513916,10.9183669090271
582,0,-2.5914056301116943,9.300000220537186
583,0,-2.5623698234558105,9.90000069141388
584,0,-2.4905431270599365,10.80000028014183
585,0,-2.604201555252075,8.400000631809235
586,0,-2.459663152694702,7.800000160932541
587,0,-2.851287841796875,9.600000083446503
588,0,-2.605750560760498,9.795917570590973
589,0,-2.3927690982818604,11.500000208616257
590,0,-2.6123132705688477,10.200000554323196
591,0,-2.667783498764038,11.20000034570694
592,0,-2.4592456817626953,9.50000062584877
593,0,-3.0404138565063477,9.400000423192978
594,0,-2.5778615474700928,7.900000363588333
595,0,-2.744428873062134,9.183672815561295
596,0,-2.7966885566711426,10.200000554323196
597,0,-2.746304512023926,8.500000089406967
598,0,-2.537994623184204,9.000000357627869
599,0,-2.6594955921173096,6.599999964237213
600,0,-2.8832666873931885,8.877550810575485
601,0,-2.923463821411133,10.200000554323196
602,0,-2.5434813499450684,10.700000822544098
603,0,-2.974114179611206,11.800000816583633
604,0,-2.7465460300445557,10.900000482797623
605,0,-2.4766478538513184,10.300000756978989
606,0,-2.7763679027557373,10.61224415898323
607,0,-2.6288585662841797,9.50000062584877
608,0,-2.591557502746582,8.700000494718552
609,0,-2.4754819869995117,10.600000619888306
610,0,-2.6029648780822754,11.700000613927841
611,0,-2.573840379714966,8.800000697374344
612,0,-2.5191385746002197,9.700000286102295
613,0,-2.5722084045410156,9.387754648923874
614,0,-2.8130764961242676,11.500000208616257
615,0,-2.840658664703369,9.800000488758087
616,0,-2.7690765857696533,10.000000149011612
617,0,-2.785024642944336,10.200000554323196
618,0,-2.632189989089966,10.300000756978989
619,0,-2.6679728031158447,11.100000888109207
620,0,-2.656191825866699,10.102040320634842
621,0,-2.686927318572998,10.100000351667404
622,0,-2.8200604915618896,11.300000548362732
623,0,-2.726306915283203,9.800000488758087
624,0,-2.574493646621704,11.300000548362732
625,0,-2.6163270473480225,11.224489659070969
626,0,-2.952915668487549,11.20000034570694
627,0,-2.6601312160491943,9.600000083446503
628,0,-2.629451036453247,11.700000613927841
629,0,-2.677354574203491,10.80000028014183
630,0,-2.919297456741333,9.90000069141388
631,0,-2.4304752349853516,10.71428507566452
632,0,-2.9972293376922607,11.300000548362732
633,0,-2.740865707397461,9.300000220537186
634,0,-2.4873666763305664,11.600000411272049
635,0,-2.545410394668579,13.900001347064972
636,0,-2.8891870975494385,11.000000685453415
637,0,-2.6780824661254883,11.600000411272049
638,0,-2.708743095397949,9.897958487272263
639,0,-2.8001837730407715,10.900000482797623
640,0,-2.566481351852417,9.100000560283661
641,0,-2.358262300491333,9.90000069141388
642,0,-2.624290704727173,9.800000488758087
643,0,-2.713322639465332,10.500000417232513
644,0,-2.642005443572998,10.300000756978989
645,0,-2.5223612785339355,9.489795565605164
646,0,-2.638439655303955,9.700000286102295
647,0,-2.4592273235321045,10.200000554323196
648,0,-2.832139492034912,10.400000214576721
649,0,-2.6139535903930664,13.100001215934753
650,0,-2.7848634719848633,10.51020398736
651,0,-2.7969768047332764,9.100000560283661
652,0,-2.9170291423797607,11.400000751018524
653,0,-2.4304723739624023,8.700000494718552
654,0,-2.8171703815460205,10.500000417232513
655,0,-2.530254602432251,10.400000214576721
656,0,-2.8621184825897217,7.653060555458069
657,0,-2.4657485485076904,10.500000417232513
658,0,-2.4938502311706543,11.20000034570694
659,0,-2.5647947788238525,9.600000083446503
660,0,-2.380262613296509,9.90000069141388
661,0,-2.893474817276001,8.800000697374344
662,0,-2.6907010078430176,7.800000160932541
663,0,-2.5850672721862793,10.51020398736
664,0,-2.4736013412475586,9.000000357627869
665,0,-2.576799154281616,9.300000220537186
666,0,-3.05556058883667,10.200000554323196
667,0,-2.6963694095611572,11.20000034570694
668,0,-2.8621819019317627,9.50000062584877
669,0,-2.619295835494995,9.400000423192978
670,0,-2.6618621349334717,9.897958487272263
671,0,-2.509958267211914,10.000000149011612
672,0,-2.5495994091033936,9.400000423192978
673,0,-2.7346127033233643,7.600000500679016
674,0,-2.784529209136963,10.100000351667404
675,0,-2.638209342956543,9.387754648923874
676,0,-2.949294328689575,11.700000613927841
677,0,-2.621445894241333,8.800000697374344
678,0,-2.638234853744507,11.500000208616257
679,0,-2.6900408267974854,9.700000286102295
680,0,-2.750436544418335,9.90000069141388
681,0,-2.5503242015838623,8.163265138864517
682,0,-2.681581735610962,8.700000494718552
683,0,-2.465587854385376,9.400000423192978
684,0,-2.930882692337036,8.100000023841858
685,0,-2.620342493057251,9.700000286102295
686,0,-2.6771771907806396,10.000000149011612
687,0,-2.3959641456604004,10.200000554323196
688,0,-2.6795012950897217,11.122448742389679
689,0,-2.5671486854553223,10.700000822544098
690,0,-2.8837437629699707,9.50000062584877
691,0,-2.6458468437194824,9.90000069141388
692,0,-2.77327823638916,9.300000220537186
693,0,-2.784325122833252,9.800000488758087
694,0,-2.6325626373291016,10.700000822544098
695,0,-2.766029119491577,10.71428507566452
696,0,-2.762873649597168,9.90000069141388
697,0,-2.5378971099853516,10.500000417232513
698,0,-2.604719638824463,9.200000762939453
699,0,-2.443735122680664,9.000000357627869
700,0,-2.484714984893799,10.51020398736
701,0,-2.57997465133667,11.100000888109207
702,0,-2.511626958847046,8.60000029206276
703,0,-2.7532095909118652,8.400000631809235
704,0,-2.570694923400879,10.300000756978989
705,0,-2.948956251144409,9.600000083446503
706,0,-2.403583288192749,11.224489659070969
707,0,-2.518928289413452,11.800000816583633
708,0,-2.7258963584899902,10.500000417232513
709,0,-2.707641124725342,10.900000482797623
710,0,-3.009674549102783,9.600000083446503
711,0,-2.784346103668213,9.100000560283661
712,0,-2.3899600505828857,9.300000220537186
713,0,-2.5034353733062744,10.61224415898323
714,0,-2.850849151611328,11.000000685453415
715,0,-2.4684951305389404,11.600000411272049
716,0,-2.7644190788269043,10.300000756978989
717,0,-3.4361793994903564,11.000000685453415
718,0,-2.5049965381622314,9.700000286102295
719,0,-3.1626813411712646,9.50000062584877
720,0,-2.8458356857299805,7.959183305501938
721,0,-2.624192953109741,9.700000286102295
722,0,-3.1779379844665527,9.700000286102295
723,0,-2.4221372604370117,9.300000220537186
724,0,-2.9715611934661865,9.800000488758087
725,0,-2.5863566398620605,11.632652580738068
726,0,-2.8449015617370605,10.000000149011612
727,0,-2.449181318283081,8.800000697374344
728,0,-2.753159284591675,10.300000756978989
729,0,-2.7254066467285156,11.100000888109207
730,0,-2.5826687812805176,10.500000417232513
731,0,-2.569594621658325,11.326529830694199
732,0,-2.5104916095733643,9.800000488758087
733,0,-2.7750861644744873,9.400000423192978
734,0,-2.608914375305176,9.300000220537186
735,0,-3.1298811435699463,8.800000697374344
736,0,-2.682720422744751,8.60000029206276
737,0,-2.42163348197937,9.700000286102295
738,0,-2.8608036041259766,10.306122153997421
739,0,-2.5096073150634766,9.400000423192978
740,0,-2.460540771484375,9.50000062584877
741,0,-2.45876407623291,8.20000022649765
742,0,-2.5347323417663574,9.300000220537186
743,0,-2.449329376220703,9.200000762939453
744,0,-2.4464104175567627,9.700000286102295
745,0,-3.4250409603118896,10.306122153997421
746,0,-2.8524253368377686,9.600000083446503
747,0,-2.4423577785491943,9.000000357627869
748,0,-2.611976385116577,6.90000057220459
749,0,-2.5233893394470215,11.100000888109207
750,0,-2.5466578006744385,12.040815502405167
751,0,-3.116441011428833,11.20000034570694
752,0,-2.6143991947174072,8.500000089406967
753,0,-2.8597588539123535,9.000000357627869
754,0,-2.504673480987549,8.400000631809235
755,0,-2.6000475883483887,12.400000542402267
756,0,-2.6478307247161865,9.183672815561295
757,0,-2.5260045528411865,10.600000619888306
758,0,-2.71020245552063,9.90000069141388
759,0,-2.6869661808013916,10.300000756978989
760,0,-2.587291955947876,11.600000411272049
761,0,-2.7767863273620605,9.800000488758087
762,0,-3.041717529296875,9.300000220537186
763,0,-2.6562747955322266,10.71428507566452
764,0,-2.7346651554107666,11.100000888109207
765,0,-3.047757863998413,10.400000214576721
766,0,-2.542457342147827,11.000000685453415
767,0,-2.4719791412353516,8.20000022649765
768,0,-2.7260868549346924,11.20000034570694
769,0,-2.5678086280822754,8.900000154972076
770,0,-2.5112009048461914,9.897958487272263
771,0,-2.4638044834136963,9.200000762939453
772,0,-2.5186827182769775,8.700000494718552
773,0,-2.6812899112701416,10.100000351667404
774,0,-2.54054856300354,9.000000357627869
775,0,-2.7579758167266846,10.102040320634842
776,0,-2.591391086578369,11.300000548362732
777,0,-2.5809974670410156,8.800000697374344
778,0,-2.7713992595672607,9.700000286102295
779,0,-2.5925612449645996,8.20000022649765
780,0,-2.638033866882324,11.100000888109207
781,0,-2.456907033920288,8.877550810575485
782,0,-2.7712762355804443,9.800000488758087
783,0,-2.8439314365386963,9.100000560283661
784,0,-2.6481270790100098,9.600000083446503
785,0,-2.677607297897339,9.90000069141388
786,0,-2.4830594062805176,8.900000154972076
787,0,-2.6264708042144775,7.700000703334808
788,0,-2.495546579360962,10.51020398736
789,0,-2.641922950744629,9.800000488758087
790,0,-2.6606481075286865,9.50000062584877
791,0,-2.7647132873535156,11.000000685453415
792,0,-2.5631120204925537,10.300000756978989
793,0,-2.6650476455688477,8.800000697374344
794,0,-2.573758840560913,9.300000220537186
795,0,-2.841670036315918,9.387754648923874
796,0,-2.4324846267700195,10.900000482797623
797,0,-2.5263173580169678,11.100000888109207
798,0,-2.58174204826355,10.900000482797623
799,0,-2.52974534034729,9.90000069141388
800,0,-2.5271670818328857,8.469387143850327
801,0,-2.513075351715088,8.800000697374344
802,0,-2.5610997676849365,9.200000762939453
803,0,-2.5819742679595947,10.300000756978989
804,0,-2.5055019855499268,10.600000619888306
805,0,-2.6195836067199707,11.500000208616257
806,0,-2.4910311698913574,11.632652580738068
807,0,-2.6228997707366943,10.100000351667404
808,0,-2.6150498390197754,10.400000214576721
809,0,-2.833771228790283,12.800000607967377
810,0,-2.6099541187286377,8.500000089406967
811,0,-2.890162229537964,13.000001013278961
812,0,-2.497401714324951,8.400000631809235
813,0,-2.48190975189209,9.285713732242584
814,0,-2.5464229583740234,9.90000069141388
815,0,-2.4347357749938965,8.000000566244125
816,0,-2.6183319091796875,9.800000488758087
817,0,-2.61570143699646,8.300000429153442
818,0,-2.5140814781188965,10.700000822544098
819,0,-2.597848892211914,8.800000697374344
820,0,-2.4977962970733643,8.469387143850327
821,0,-2.569965124130249,9.400000423192978
822,0,-2.6560957431793213,12.000000476837158
823,0,-2.619849681854248,11.700000613927841
824,0,-2.4246296882629395,9.50000062584877
825,0,-2.454097270965576,11.428570747375488
826,0,-2.71730899810791,9.700000286102295
827,0,-2.6177499294281006,9.800000488758087
828,0,-2.4779484272003174,10.600000619888306
829,0,-2.9122872352600098,9.700000286102295
830,0,-2.5148086547851562,8.700000494718552
831,0,-2.6012303829193115,10.71428507566452
832,0,-2.5953705310821533,9.90000069141388
833,0,-2.3960256576538086,11.000000685453415
834,0,-2.7145400047302246,11.300000548362732
835,0,-2.4625084400177,10.400000214576721
836,0,-2.4973347187042236,11.600000411272049
837,0,-2.881824493408203,10.200000554323196
838,0,-2.7478246688842773,12.551020085811615
839,0,-2.849203109741211,8.900000154972076
840,0,-2.505584239959717,12.400000542402267
841,0,-2.4015161991119385,10.100000351667404
842,0,-2.449929714202881,10.500000417232513
843,0,-2.642458200454712,9.300000220537186
844,0,-2.701052188873291,10.300000756978989
845,0,-2.6258296966552734,11.224489659070969
846,0,-2.8857176303863525,9.800000488758087
847,0,-2.6262600421905518,8.900000154972076
848,0,-2.7690341472625732,10.300000756978989
849,0,-2.5922770500183105,10.200000554323196
850,0,-3.03255295753479,10.102040320634842
851,0,-2.6129262447357178,9.50000062584877
852,0,-2.3687095642089844,9.000000357627869
853,0,-2.5393831729888916,9.300000220537186
854,0,-2.6452250480651855,10.400000214576721
855,0,-2.67392635345459,9.200000762939453
856,0,-2.6467792987823486,12.142856419086456
857,0,-2.713426113128662,8.900000154972076
858,0,-2.613321542739868,10.700000822544098
859,0,-2.511719226837158,10.300000756978989
860,0,-2.595334768295288,8.400000631809235
861,0,-2.7004992961883545,9.200000762939453
862,0,-2.6402997970581055,9.100000560283661
863,0,-2.5190770626068115,9.591836482286453
864,0,-2.5517776012420654,10.600000619888306
865,0,-2.423861265182495,11.20000034570694
866,0,-2.596738338470459,11.20000034570694
867,0,-2.5236940383911133,10.900000482797623
868,0,-2.36899995803833,8.700000494718552
869,0,-2.6344151496887207,8.500000089406967
870,0,-2.6466171741485596,11.224489659070969
871,0,-2.568391799926758,8.60000029206276
872,0,-2.4260127544403076,9.50000062584877
873,0,-2.553260087966919,9.800000488758087
874,0,-2.493837594985962,9.800000488758087
875,0,-2.498570203781128,10.204081237316132
876,0,-2.4572174549102783,10.600000619888306
877,0,-2.7263522148132324,12.200000882148743
878,0,-2.8081016540527344,11.100000888109207
879,0,-2.749537706375122,10.700000822544098
880,0,-2.54380464553833,9.700000286102295
881,0,-2.8237874507904053,8.877550810575485
882,0,-3.0113935470581055,9.800000488758087
883,0,-2.809680700302124,10.300000756978989
884,0,-2.6248157024383545,8.700000494718552
885,0,-2.8478004932403564,8.60000029206276
886,0,-2.9031982421875,10.500000417232513
887,0,-2.587676763534546,10.900000482797623
888,0,-3.1904592514038086,10.204081237316132
889,0,-2.995290994644165,11.300000548362732
890,0,-2.5727884769439697,8.400000631809235
891,0,-2.6796488761901855,8.800000697374344
892,0,-2.6171488761901855,10.80000028014183
893,0,-2.548022508621216,10.100000351667404
894,0,-2.6638550758361816,6.200000271201134
895,0,-2.536883592605591,11.428570747375488
896,0,-2.4295618534088135,10.600000619888306
897,0,-2.8817009925842285,9.200000762939453
898,0,-2.801582098007202,10.000000149011612
899,0,-2.505290985107422,8.700000494718552
900,0,-2.514625072479248,11.122448742389679
901,0,-2.8796606063842773,8.300000429153442
902,0,-2.7137210369110107,10.000000149011612
903,0,-2.4832680225372314,9.200000762939453
904,0,-2.563075542449951,10.500000417232513
905,0,-2.623150110244751,10.600000619888306
906,0,-2.816521644592285,11.326529830694199
907,0,-2.791334867477417,10.900000482797623
908,0,-2.48944091796875,10.600000619888306
909,0,-2.5928878784179688,10.500000417232513
910,0,-2.7038326263427734,9.300000220537186
911,0,-2.517902135848999,8.60000029206276
912,0,-2.4815468788146973,8.900000154972076
913,0,-2.6694605350494385,9.795917570590973
914,0,-2.784318447113037,10.200000554323196
915,0,-2.622436046600342,11.300000548362732
916,0,-2.5595192909240723,9.200000762939453
917,0,-2.5540013313293457,8.400000631809235
918,0,-3.3670060634613037,9.000000357627869
919,0,-2.5389933586120605,11.100000888109207
920,0,-2.606839418411255,8.979591727256775
921,0,-2.9439761638641357,8.300000429153442
922,0,-2.7068309783935547,7.600000500679016
923,0,-2.511704444885254,12.300000339746475
924,0,-2.499406337738037,8.700000494718552
925,0,-2.546285390853882,10.51020398736
926,0,-2.7227702140808105,11.000000685453415
927,0,-2.554872751235962,9.000000357627869
928,0,-2.5934059619903564,8.60000029206276
929,0,-2.608558416366577,8.700000494718552
930,0,-2.4082305431365967,9.000000357627869
931,0,-2.596344232559204,9.897958487272263
932,0,-2.937709331512451,9.600000083446503
933,0,-2.473667860031128,9.50000062584877
934,0,-2.473595142364502,10.900000482797623
935,0,-2.5905282497406006,11.600000411272049
936,0,-2.720045804977417,11.600000411272049
937,0,-2.576601982116699,11.100000888109207
938,0,-2.5202925205230713,9.285713732242584
939,0,-2.519246816635132,9.100000560283661
940,0,-2.8918142318725586,9.90000069141388
941,0,-2.5408644676208496,8.500000089406967
942,0,-2.7312052249908447,10.900000482797623
943,0,-2.5268819332122803,10.000000149011612
944,0,-2.7450056076049805,9.90000069141388
945,0,-2.8754525184631348,9.897958487272263
946,0,-2.5491721630096436,11.100000888109207
947,0,-2.488487482070923,9.800000488758087
948,0,-2.616018295288086,7.700000703334808
949,0,-2.6301469802856445,10.700000822544098
950,0,-2.875483989715576,9.795917570590973
951,0,-2.5356476306915283,9.200000762939453
952,0,-2.932213544845581,10.100000351667404
953,0,-2.5789453983306885,11.20000034570694
954,0,-2.5604758262634277,11.20000034570694
955,0,-2.8193700313568115,10.600000619888306
956,0,-2.4554245471954346,11.836734414100647
957,0,-2.5559613704681396,10.100000351667404
958,0,-2.3991811275482178,8.60000029206276
959,0,-2.6461427211761475,11.000000685453415
960,0,-2.5125272274017334,10.600000619888306
961,0,-2.4453392028808594,10.400000214576721
962,0,-2.652067184448242,8.300000429153442
963,0,-2.5393645763397217,11.632652580738068
964,0,-2.547112464904785,9.700000286102295
965,0,-2.827470302581787,9.400000423192978
966,0,-2.554690361022949,8.800000697374344
967,0,-2.723773717880249,9.200000762939453
968,0,-2.5471811294555664,10.500000417232513
969,0,-2.8958659172058105,10.80000028014183
970,0,-2.638927698135376,9.183672815561295
971,0,-2.8073103427886963,10.300000756978989
972,0,-2.588792324066162,11.000000685453415
973,0,-2.685961961746216,9.800000488758087
974,0,-2.594559907913208,9.400000423192978
975,0,-2.5191171169281006,10.51020398736
976,0,-2.6011927127838135,11.500000208616257
977,0,-2.8894548416137695,8.400000631809235
978,0,-2.5031092166900635,9.000000357627869
979,0,-2.66579532623291,10.300000756978989
980,0,-2.4485113620758057,12.200000882148743
981,0,-2.4591124057769775,10.9183669090271
982,0,-2.7028086185455322,9.400000423192978
983,0,-2.739715099334717,9.400000423192978
984,0,-2.8849775791168213,11.100000888109207
985,0,-2.6765360832214355,10.400000214576721
986,0,-2.5643343925476074,9.50000062584877
987,0,-2.665424108505249,12.10000067949295
988,0,-2.5269713401794434,10.102040320634842
989,0,-2.660308837890625,9.200000762939453
990,0,-2.668963670730591,10.200000554323196
991,0,-2.699042797088623,11.000000685453415
992,0,-2.4608380794525146,8.900000154972076
993,0,-2.520792245864868,11.500000208616257
994,0,-2.5031137466430664,9.800000488758087
995,0,-2.8964624404907227,12.244897335767746
996,0,-2.5784103870391846,9.700000286102295
997,0,-2.5077316761016846,8.800000697374344
998,0,-2.5202343463897705,10.000000149011612
999,0,-2.712512731552124,9.50000062584877
1000,0,-2.8992409706115723,7.959183305501938
